CREATE DATABASE  IF NOT EXISTS `telemedicinedb` /*!40100 DEFAULT CHARACTER SET utf8mb4 COLLATE utf8mb4_0900_ai_ci */ /*!80016 DEFAULT ENCRYPTION='N' */;
USE `telemedicinedb`;
-- MySQL dump 10.13  Distrib 8.0.41, for Win64 (x86_64)
--
-- Host: localhost    Database: telemedicinedb
-- ------------------------------------------------------
-- Server version	9.2.0

/*!40101 SET @OLD_CHARACTER_SET_CLIENT=@@CHARACTER_SET_CLIENT */;
/*!40101 SET @OLD_CHARACTER_SET_RESULTS=@@CHARACTER_SET_RESULTS */;
/*!40101 SET @OLD_COLLATION_CONNECTION=@@COLLATION_CONNECTION */;
/*!50503 SET NAMES utf8 */;
/*!40103 SET @OLD_TIME_ZONE=@@TIME_ZONE */;
/*!40103 SET TIME_ZONE='+00:00' */;
/*!40014 SET @OLD_UNIQUE_CHECKS=@@UNIQUE_CHECKS, UNIQUE_CHECKS=0 */;
/*!40014 SET @OLD_FOREIGN_KEY_CHECKS=@@FOREIGN_KEY_CHECKS, FOREIGN_KEY_CHECKS=0 */;
/*!40101 SET @OLD_SQL_MODE=@@SQL_MODE, SQL_MODE='NO_AUTO_VALUE_ON_ZERO' */;
/*!40111 SET @OLD_SQL_NOTES=@@SQL_NOTES, SQL_NOTES=0 */;

--
-- Table structure for table `appointments`
--

DROP TABLE IF EXISTS `appointments`;
/*!40101 SET @saved_cs_client     = @@character_set_client */;
/*!50503 SET character_set_client = utf8mb4 */;
CREATE TABLE `appointments` (
  `id` char(36) NOT NULL,
  `patient_id` char(36) NOT NULL,
  `doctor_id` char(36) NOT NULL,
  `slot_id` char(36) NOT NULL,
  `status` enum('pending','confirmed','cancelled','rejected') NOT NULL DEFAULT 'pending',
  `note` text,
  `created_at` datetime NOT NULL DEFAULT CURRENT_TIMESTAMP,
  `updated_at` datetime NOT NULL DEFAULT CURRENT_TIMESTAMP ON UPDATE CURRENT_TIMESTAMP,
  `chosen_date` date DEFAULT NULL,
  PRIMARY KEY (`id`),
  UNIQUE KEY `uniq_appt_slot` (`slot_id`),
  UNIQUE KEY `uniq_slot_date` (`slot_id`,`chosen_date`),
  KEY `idx_appt_patient` (`patient_id`,`created_at`),
  KEY `idx_appt_doctor` (`doctor_id`,`created_at`),
  KEY `idx_appointments_slot` (`slot_id`),
  KEY `idx_appointments_doctor` (`doctor_id`),
  KEY `idx_slot` (`slot_id`),
  KEY `idx_doctor` (`doctor_id`),
  KEY `idx_status2` (`status`),
  CONSTRAINT `fk_appt_doctor` FOREIGN KEY (`doctor_id`) REFERENCES `users` (`id`) ON DELETE RESTRICT ON UPDATE CASCADE,
  CONSTRAINT `fk_appt_patient` FOREIGN KEY (`patient_id`) REFERENCES `users` (`id`) ON DELETE RESTRICT ON UPDATE CASCADE
) ENGINE=InnoDB DEFAULT CHARSET=utf8mb4 COLLATE=utf8mb4_0900_ai_ci;
/*!40101 SET character_set_client = @saved_cs_client */;

--
-- Dumping data for table `appointments`
--

LOCK TABLES `appointments` WRITE;
/*!40000 ALTER TABLE `appointments` DISABLE KEYS */;
INSERT INTO `appointments` VALUES ('A17562972648732417321995426643501793','P17562919306053130826119905999161658','D17562177000210206684481303626439810','S17562718985260446903376837441029692','confirmed',NULL,'2025-08-27 19:21:04','2025-08-27 19:30:42','2025-08-29'),('A17562978287915366288561229781069353','P17562919306053130826119905999161658','D17562177000210206684481303626439810','S17562718985355079470939047761842473','pending',NULL,'2025-08-27 19:30:28','2025-08-27 19:30:28','2025-08-30');
/*!40000 ALTER TABLE `appointments` ENABLE KEYS */;
UNLOCK TABLES;

--
-- Table structure for table `doctor_slots`
--

DROP TABLE IF EXISTS `doctor_slots`;
/*!40101 SET @saved_cs_client     = @@character_set_client */;
/*!50503 SET character_set_client = utf8mb4 */;
CREATE TABLE `doctor_slots` (
  `id` char(36) NOT NULL,
  `doctor_id` char(36) NOT NULL,
  `start_time` datetime NOT NULL,
  `end_time` datetime NOT NULL,
  `status` enum('available','booked','closed') NOT NULL DEFAULT 'available',
  `created_at` datetime NOT NULL DEFAULT CURRENT_TIMESTAMP,
  `updated_at` datetime NOT NULL DEFAULT CURRENT_TIMESTAMP ON UPDATE CURRENT_TIMESTAMP,
  PRIMARY KEY (`id`),
  UNIQUE KEY `uq_slot` (`doctor_id`,`start_time`,`end_time`),
  UNIQUE KEY `uq_doctor_slots_day` (`doctor_id`,`start_time`),
  KEY `idx_slots_doctor_time` (`doctor_id`,`start_time`,`end_time`),
  CONSTRAINT `fk_slots_doctor` FOREIGN KEY (`doctor_id`) REFERENCES `users` (`id`) ON DELETE CASCADE ON UPDATE CASCADE,
  CONSTRAINT `doctor_slots_chk_1` CHECK ((`start_time` < `end_time`))
) ENGINE=InnoDB DEFAULT CHARSET=utf8mb4 COLLATE=utf8mb4_0900_ai_ci;
/*!40101 SET character_set_client = @saved_cs_client */;

--
-- Dumping data for table `doctor_slots`
--

LOCK TABLES `doctor_slots` WRITE;
/*!40000 ALTER TABLE `doctor_slots` DISABLE KEYS */;
INSERT INTO `doctor_slots` VALUES ('165c395d-833f-11f0-95c2-00e04c6808eb','D17561960040161325692222880209989220','2025-08-29 00:00:00','2025-08-29 23:59:59','available','2025-08-27 19:12:22','2025-08-27 19:12:22'),('165c44f2-833f-11f0-95c2-00e04c6808eb','D17561960040161325692222880209989220','2025-09-02 00:00:00','2025-09-02 23:59:59','available','2025-08-27 19:12:22','2025-08-27 19:12:22'),('165c4732-833f-11f0-95c2-00e04c6808eb','D17561960040161325692222880209989220','2025-09-10 00:00:00','2025-09-10 23:59:59','available','2025-08-27 19:12:22','2025-08-27 19:12:22'),('165c48f9-833f-11f0-95c2-00e04c6808eb','D17561960040161325692222880209989220','2025-09-15 00:00:00','2025-09-15 23:59:59','available','2025-08-27 19:12:22','2025-08-27 19:12:22'),('165c4a71-833f-11f0-95c2-00e04c6808eb','D17561960040161325692222880209989220','2025-09-28 00:00:00','2025-09-28 23:59:59','available','2025-08-27 19:12:22','2025-08-27 19:12:22'),('165d4c36-833f-11f0-95c2-00e04c6808eb','D17561971256994886880735565135283805','2025-08-30 00:00:00','2025-08-30 23:59:59','available','2025-08-27 19:12:22','2025-08-27 19:12:22'),('165d53be-833f-11f0-95c2-00e04c6808eb','D17561971256994886880735565135283805','2025-09-05 00:00:00','2025-09-05 23:59:59','available','2025-08-27 19:12:22','2025-08-27 19:12:22'),('165d5542-833f-11f0-95c2-00e04c6808eb','D17561971256994886880735565135283805','2025-09-12 00:00:00','2025-09-12 23:59:59','available','2025-08-27 19:12:22','2025-08-27 19:12:22'),('165d5665-833f-11f0-95c2-00e04c6808eb','D17561971256994886880735565135283805','2025-09-20 00:00:00','2025-09-20 23:59:59','available','2025-08-27 19:12:22','2025-08-27 19:12:22'),('165d577a-833f-11f0-95c2-00e04c6808eb','D17561971256994886880735565135283805','2025-09-25 00:00:00','2025-09-25 23:59:59','available','2025-08-27 19:12:22','2025-08-27 19:12:22'),('165dba8f-833f-11f0-95c2-00e04c6808eb','D17561971316859853937022448739154942','2025-08-31 00:00:00','2025-08-31 23:59:59','available','2025-08-27 19:12:22','2025-08-27 19:12:22'),('165dbefb-833f-11f0-95c2-00e04c6808eb','D17561971316859853937022448739154942','2025-09-07 00:00:00','2025-09-07 23:59:59','available','2025-08-27 19:12:22','2025-08-27 19:12:22'),('165dc039-833f-11f0-95c2-00e04c6808eb','D17561971316859853937022448739154942','2025-09-14 00:00:00','2025-09-14 23:59:59','available','2025-08-27 19:12:22','2025-08-27 19:12:22'),('165dc152-833f-11f0-95c2-00e04c6808eb','D17561971316859853937022448739154942','2025-09-21 00:00:00','2025-09-21 23:59:59','available','2025-08-27 19:12:22','2025-08-27 19:12:22'),('165dc256-833f-11f0-95c2-00e04c6808eb','D17561971316859853937022448739154942','2025-09-27 00:00:00','2025-09-27 23:59:59','available','2025-08-27 19:12:22','2025-08-27 19:12:22'),('165e2fff-833f-11f0-95c2-00e04c6808eb','D17562776996139157025413515931161661','2025-08-29 00:00:00','2025-08-29 23:59:59','available','2025-08-27 19:12:22','2025-08-27 19:12:22'),('165e33b7-833f-11f0-95c2-00e04c6808eb','D17562776996139157025413515931161661','2025-09-04 00:00:00','2025-09-04 23:59:59','available','2025-08-27 19:12:22','2025-08-27 19:12:22'),('165e3524-833f-11f0-95c2-00e04c6808eb','D17562776996139157025413515931161661','2025-09-09 00:00:00','2025-09-09 23:59:59','available','2025-08-27 19:12:22','2025-08-27 19:12:22'),('165e366f-833f-11f0-95c2-00e04c6808eb','D17562776996139157025413515931161661','2025-09-18 00:00:00','2025-09-18 23:59:59','available','2025-08-27 19:12:22','2025-08-27 19:12:22'),('165e37a4-833f-11f0-95c2-00e04c6808eb','D17562776996139157025413515931161661','2025-09-24 00:00:00','2025-09-24 23:59:59','available','2025-08-27 19:12:22','2025-08-27 19:12:22'),('165ed6cf-833f-11f0-95c2-00e04c6808eb','D17562801916385442331932232766135056','2025-08-31 00:00:00','2025-08-31 23:59:59','available','2025-08-27 19:12:22','2025-08-27 19:12:22'),('165edbe4-833f-11f0-95c2-00e04c6808eb','D17562801916385442331932232766135056','2025-09-06 00:00:00','2025-09-06 23:59:59','available','2025-08-27 19:12:22','2025-08-27 19:12:22'),('165edd34-833f-11f0-95c2-00e04c6808eb','D17562801916385442331932232766135056','2025-09-11 00:00:00','2025-09-11 23:59:59','available','2025-08-27 19:12:22','2025-08-27 19:12:22'),('165ede48-833f-11f0-95c2-00e04c6808eb','D17562801916385442331932232766135056','2025-09-19 00:00:00','2025-09-19 23:59:59','available','2025-08-27 19:12:22','2025-08-27 19:12:22'),('165edf92-833f-11f0-95c2-00e04c6808eb','D17562801916385442331932232766135056','2025-09-26 00:00:00','2025-09-26 23:59:59','available','2025-08-27 19:12:22','2025-08-27 19:12:22'),('S17562718984989671638586490509560127','D17562177000210206684481303626439810','2025-08-28 00:00:00','2025-08-28 23:59:59','available','2025-08-27 12:18:18','2025-08-27 12:18:18'),('S17562718985260446903376837441029692','D17562177000210206684481303626439810','2025-08-29 00:00:00','2025-08-29 23:59:59','booked','2025-08-27 12:18:18','2025-08-27 19:21:04'),('S17562718985290874228695930165941588','D17562177000210206684481303626439810','2025-09-05 00:00:00','2025-09-05 23:59:59','available','2025-08-27 12:18:18','2025-08-27 12:18:18'),('S17562718985294464009275645046568125','D17562177000210206684481303626439810','2025-09-02 00:00:00','2025-09-02 23:59:59','available','2025-08-27 12:18:18','2025-08-27 12:18:18'),('S17562718985298726248228522932997218','D17562177000210206684481303626439810','2025-09-03 00:00:00','2025-09-03 23:59:59','available','2025-08-27 12:18:18','2025-08-27 12:18:18'),('S17562718985305579747640145686820318','D17562177000210206684481303626439810','2025-09-04 00:00:00','2025-09-04 23:59:59','available','2025-08-27 12:18:18','2025-08-27 12:18:18'),('S17562718985355079470939047761842473','D17562177000210206684481303626439810','2025-08-30 00:00:00','2025-08-30 23:59:59','booked','2025-08-27 12:18:18','2025-08-27 19:30:28'),('S17562718985417662625900218939236241','D17562177000210206684481303626439810','2025-08-31 00:00:00','2025-08-31 23:59:59','available','2025-08-27 12:18:18','2025-08-27 12:18:18'),('S17562718985482624316229135405129212','D17562177000210206684481303626439810','2025-09-01 00:00:00','2025-09-01 23:59:59','available','2025-08-27 12:18:18','2025-08-27 12:18:18'),('S17562739111460725538895384627533524','D17562177000210206684481303626439810','2025-09-08 00:00:00','2025-09-08 23:59:59','available','2025-08-27 12:51:51','2025-08-27 12:51:51'),('S17562739111649773008031828140085168','D17562177000210206684481303626439810','2025-09-10 00:00:00','2025-09-10 23:59:59','available','2025-08-27 12:51:51','2025-08-27 12:51:51'),('S17562739111657091918647625091808307','D17562177000210206684481303626439810','2025-09-11 00:00:00','2025-09-11 23:59:59','available','2025-08-27 12:51:51','2025-08-27 12:51:51'),('S17562739111658565403396902432179764','D17562177000210206684481303626439810','2025-09-12 00:00:00','2025-09-12 23:59:59','available','2025-08-27 12:51:51','2025-08-27 12:51:51'),('S17562739111659920476716144495930663','D17562177000210206684481303626439810','2025-09-09 00:00:00','2025-09-09 23:59:59','available','2025-08-27 12:51:51','2025-08-27 12:51:51'),('S17562797592912524615976434223677362','D17562776996139157025413515931161661','2025-08-30 00:00:00','2025-09-03 23:59:59','available','2025-08-27 14:29:19','2025-08-27 14:29:19'),('S17562953691820927884408372878504688','D17562177000210206684481303626439810','2025-09-15 00:00:00','2025-09-15 23:59:59','available','2025-08-27 18:49:29','2025-08-27 18:49:29'),('S17562953691857216033663837017023599','D17562177000210206684481303626439810','2025-09-16 00:00:00','2025-09-16 23:59:59','available','2025-08-27 18:49:29','2025-08-27 18:49:29');
/*!40000 ALTER TABLE `doctor_slots` ENABLE KEYS */;
UNLOCK TABLES;

--
-- Table structure for table `doctor_specialties`
--

DROP TABLE IF EXISTS `doctor_specialties`;
/*!40101 SET @saved_cs_client     = @@character_set_client */;
/*!50503 SET character_set_client = utf8mb4 */;
CREATE TABLE `doctor_specialties` (
  `doctor_id` char(36) NOT NULL,
  `specialty_id` char(36) NOT NULL,
  PRIMARY KEY (`doctor_id`,`specialty_id`),
  KEY `fk_ds_specialty` (`specialty_id`),
  CONSTRAINT `fk_ds_doctor` FOREIGN KEY (`doctor_id`) REFERENCES `users` (`id`) ON DELETE CASCADE ON UPDATE CASCADE,
  CONSTRAINT `fk_ds_specialty` FOREIGN KEY (`specialty_id`) REFERENCES `specialties` (`id`) ON DELETE CASCADE ON UPDATE CASCADE
) ENGINE=InnoDB DEFAULT CHARSET=utf8mb4 COLLATE=utf8mb4_0900_ai_ci;
/*!40101 SET character_set_client = @saved_cs_client */;

--
-- Dumping data for table `doctor_specialties`
--

LOCK TABLES `doctor_specialties` WRITE;
/*!40000 ALTER TABLE `doctor_specialties` DISABLE KEYS */;
INSERT INTO `doctor_specialties` VALUES ('D17562177000210206684481303626439810','001'),('D17561971256994886880735565135283805','002'),('D17562177000210206684481303626439810','002'),('D17561971316859853937022448739154942','003'),('D17561971316859853937022448739154942','005'),('D17562801916385442331932232766135056','005'),('D17562177000210206684481303626439810','006');
/*!40000 ALTER TABLE `doctor_specialties` ENABLE KEYS */;
UNLOCK TABLES;

--
-- Table structure for table `specialties`
--

DROP TABLE IF EXISTS `specialties`;
/*!40101 SET @saved_cs_client     = @@character_set_client */;
/*!50503 SET character_set_client = utf8mb4 */;
CREATE TABLE `specialties` (
  `id` char(36) NOT NULL,
  `name` varchar(80) NOT NULL,
  `created_at` datetime NOT NULL DEFAULT CURRENT_TIMESTAMP,
  `updated_at` datetime NOT NULL DEFAULT CURRENT_TIMESTAMP ON UPDATE CURRENT_TIMESTAMP,
  PRIMARY KEY (`id`),
  UNIQUE KEY `uniq_specialties_name` (`name`)
) ENGINE=InnoDB DEFAULT CHARSET=utf8mb4 COLLATE=utf8mb4_0900_ai_ci;
/*!40101 SET character_set_client = @saved_cs_client */;

--
-- Dumping data for table `specialties`
--

LOCK TABLES `specialties` WRITE;
/*!40000 ALTER TABLE `specialties` DISABLE KEYS */;
INSERT INTO `specialties` VALUES ('001','ศัลยแพทย์','2025-08-26 20:31:53','2025-08-27 18:28:17'),('002','จักษุแพทย์','2025-08-26 20:31:53','2025-08-27 18:28:17'),('003','กุมารแพทย์','2025-08-26 20:31:53','2025-08-27 18:28:17'),('004','อายุรแพทย์','2025-08-26 20:31:53','2025-08-27 18:28:17'),('005','โสต ศอ นาสิก','2025-08-26 20:31:53','2025-08-27 18:28:17'),('006','จิตแพทย์','2025-08-27 17:11:43','2025-08-27 18:28:17'),('007','แพทย์ผิวหนัง','2025-08-27 17:11:43','2025-08-27 18:28:17'),('008','นรีแพทย์','2025-08-27 17:11:43','2025-08-27 18:28:17'),('009','แพทย์ออร์โธปิดิกส์','2025-08-27 17:11:43','2025-08-27 18:28:17'),('010','วิสัญญีแพทย์','2025-08-27 17:11:43','2025-08-27 18:28:17');
/*!40000 ALTER TABLE `specialties` ENABLE KEYS */;
UNLOCK TABLES;

--
-- Table structure for table `users`
--

DROP TABLE IF EXISTS `users`;
/*!40101 SET @saved_cs_client     = @@character_set_client */;
/*!50503 SET character_set_client = utf8mb4 */;
CREATE TABLE `users` (
  `id` char(36) NOT NULL,
  `role` enum('patient','doctor') NOT NULL,
  `full_name` varchar(120) NOT NULL,
  `email` varchar(255) NOT NULL,
  `phone` varchar(32) DEFAULT NULL,
  `userpic` varchar(255) DEFAULT NULL,
  `password_hash` varchar(255) NOT NULL,
  `created_at` datetime NOT NULL DEFAULT CURRENT_TIMESTAMP,
  `updated_at` datetime NOT NULL DEFAULT CURRENT_TIMESTAMP ON UPDATE CURRENT_TIMESTAMP,
  `failed_login_attempts` int NOT NULL DEFAULT '0',
  `locked_until` datetime DEFAULT NULL,
  `lock_count` int NOT NULL DEFAULT '0',
  PRIMARY KEY (`id`),
  UNIQUE KEY `uniq_users_email` (`email`),
  UNIQUE KEY `uniq_users_phone` (`phone`),
  KEY `idx_users_role` (`role`)
) ENGINE=InnoDB DEFAULT CHARSET=utf8mb4 COLLATE=utf8mb4_0900_ai_ci;
/*!40101 SET character_set_client = @saved_cs_client */;

--
-- Dumping data for table `users`
--

LOCK TABLES `users` WRITE;
/*!40000 ALTER TABLE `users` DISABLE KEYS */;
INSERT INTO `users` VALUES ('D17561960040161325692222880209989220','doctor','Dr. Somchai Sukkasem','s.sukkasem@example.com','0812345678',NULL,'scrypt$1$69ecbfdd994c03689a27a76c78c778a1$fd4a0cce083d1ecd2123ff6a6e80ae545b6425b38315c21c769a2411b317a811712363331d3f07c8aaeede822c134593450be58eba9718c6aa267d266daccf53','2025-08-26 15:13:24','2025-08-27 17:09:11',0,NULL,0),('D17561971256994886880735565135283805','doctor','Dr. Preecha Chaimongkol','p.chaimongkol@example.com','0823456789',NULL,'scrypt$1$4656562b2a003761037baa5b98763981$61fd2d76ba07fe265134e77de29853ff307b2ea6084a26c32f35875dcf375dda4706cd7e993933d966844ec7ba801b5c63ea790d2be1a0352ced6ccadd6b0fc0','2025-08-26 15:32:05','2025-08-27 17:09:11',0,NULL,0),('D17561971316859853937022448739154942','doctor','Dr. Suda Thongdee','s.thongdee@example.com','0834567890',NULL,'scrypt$1$1b1ddd2c9080f1db9cc9def768c5305d$aeb2ced0ff551749de7c8d9d8344f8c6eb13cc90b17d672272b8337b34633385f265d7c0082522aa19dbc1cf609302b52254ce34ceb405d90149606397dc6a05','2025-08-26 15:32:11','2025-08-27 17:09:11',0,NULL,0),('D17562177000210206684481303626439810','doctor','Doctor Methaporn','pedza507@gmail.com','0642727318','/uploads/1756295062703_94d9c0591ed566f59283ec36c45735df.png','scrypt$1$d3fbd3e2b1d2e5bdd842855425c56538$d1fb4148221407ae63b286e1bbd62a875acbd68dacfed91557c3d9aad873c7caf2fb7aea6845ed7b1964930f69bd5f477a8b2b7fac6e4fb911c89926aad60b30','2025-08-26 21:15:00','2025-08-27 18:44:22',0,NULL,0),('D17562776996139157025413515931161661','doctor','Dr. Anan Panyasorn','anan.p@example.com','0845678901',NULL,'scrypt$1$bcdaebb4e6585c47e8023b6d651c1598$afb1a1268f2c954c1cbde8ccc4fbee2b3c1914669266216d4366d36e399d50362c2cc89d9a71f85364f0e819b6a6026e81eb11467a04ceb1f07e64229a27035d','2025-08-27 13:54:59','2025-08-27 17:09:11',0,NULL,0),('D17562801916385442331932232766135056','doctor','Dr. Chayanin Jirawut','c.jirawut@example.com','0856789012',NULL,'scrypt$1$d55961437617e8d46f9ad85e5a5bf00c$c4da7ce375436e08a203608e82befbe8c582548ff8373d917eeb70adc0bec0fa755a0326e92cfb1421c7f76406f07469506b0b1db06ebbe0d1cea540ca75c707','2025-08-27 14:36:31','2025-08-27 17:09:11',0,NULL,0),('P17561958832845600590215899889259913','patient','Pongsak Pinyo','pongsak.p@example.com','0912345678',NULL,'scrypt$1$ba6dd2764aa54b450024ce5309d88f13$fef5052ee95c04ab6b27e2efc10fff979fc53237470b1b27af36c58312b21afdf125ff6ff9eed381c74339df5509a0c30ff8b9a1efaf68c888dc6102379eda55','2025-08-26 15:11:23','2025-08-27 17:09:11',0,NULL,0),('P17561964339928482756027726013972818','patient','Nattapol Kaewprasert','nattapol.k@example.com','0923456789',NULL,'scrypt$1$ccaec385cd0a9a4e08dd4c658a88347b$93b4dbf4e718e8b1ab2b2697d4a187a1c61b06287d05777826c7ea449e648d2f6c7f4f57ec7e43aea90c87fa413122a8a80a79506b569363e64d4170b79f687f','2025-08-26 15:20:34','2025-08-27 17:09:11',0,NULL,0),('P17561971428885015036692901919916163','patient','Supaporn Rattanaphan','supaporn.r@example.com','0934567890',NULL,'scrypt$1$f81aa5067d8b517df5b1d1db09a3ec22$4a2931d8b2ca9a9ad16803ea2b4536e66159ad5dfad8b2cdfeeb7bacf8cc36dd5056cbda7f94c22576528a24b54723813a334c34ef91966d4692810788529336','2025-08-26 15:32:22','2025-08-27 17:09:11',0,NULL,0),('P17561971488490394894869567644501167','patient','Anuwat Jaisingh','anuwat.j@example.com','0945678901',NULL,'scrypt$1$ea29e170673ab7745de94501639f0c42$d5d0fc258f80a72cc5bd6d72de35cc78124d7feab83450b06ecd2977be776d7f1a6a27fc1ac1d32387d418c046a27304d167bc8b56c2f3b0cd47fe0b0532c9c3','2025-08-26 15:32:28','2025-08-27 17:09:11',0,NULL,0),('P17561971543002560817609391423763072','patient','Sarinee Limprasert','sarinee.l@example.com','0956789012',NULL,'scrypt$1$6638cd0d5c69ecbc4075c152f41467ab$0443dd241790ce102b8f9d55fc8472706bc371d770b9cb2d256bb69a0fbf46f83963f6830be1356964ddfda9d312c39cb7d8c4a388c5a7c71ffc2b3e2e042f37','2025-08-26 15:32:34','2025-08-27 17:09:11',0,NULL,0),('P17561971599039946077830241173721829','patient','Wanchai Srisuwan','wanchai.s@example.com','0967890123',NULL,'scrypt$1$f8051047d5315ab719091992efb10380$721ffc036bf662a424dc62db821a1008fe21297f7fa80e1cc9069b38fe1d96620bec7318c14f4ffc136ffe09ce830b5ff28dd018bb44faa8a167b67eb4347969','2025-08-26 15:32:39','2025-08-27 17:09:11',0,NULL,0),('P17561971649527544617617112765221477','patient','Pimchanok Boonruang','pimchanok.b@example.com','0978901234',NULL,'scrypt$1$71fbca58aee3be0ab13b65d9f122758e$eeb3d9df00b271545be4ad846c0a505becc427fdc88b36ac8e5c895aa428c1e8a33cec7ec48ef8f03c014f973633fb9199056fce5b31f138bdfe4b8dfd564688','2025-08-26 15:32:45','2025-08-27 17:09:11',0,NULL,0),('P17561971702964283724123908618339934','patient','Chokchai Sakda','chokchai.s@example.com','0989012345',NULL,'scrypt$1$1da159f90e954ce538046347d2b83286$53d27c97808e19b9fd86ec3a47ec6aeaafa88a265462a6e11d6791dbc51acd65507c87a714b7293e66d4ebe48f935d8633f884db39ff01cd1e8fb60550c9385e','2025-08-26 15:32:50','2025-08-27 17:09:11',0,NULL,0),('P17561971750576523998232030055228241','patient','Jiraporn Suthida','jiraporn.s@example.com','0990123456',NULL,'scrypt$1$4ca3adbcdce86e0ce88554568f26418e$18aff935d4730ecfe38528520c0f695e98d318b3c7ecc8bae2afdfc9445ccabc85a53152af627c40696205c5a915b63e6f016102d8cf1ed4aa0890559f769008','2025-08-26 15:32:55','2025-08-27 17:09:11',0,NULL,0),('P17561971810922558315882408025780990','patient','Mana Kerddee','mana.k@example.com','0901234567',NULL,'scrypt$1$213885a17f08d2d03a1648c5e3b85491$536fff3721e5403dc9cc4c24d1831c683d62c17a24e234c354efd95a83e1556c04ab124aec02a4cecf24b5e4f1b647e8c7c6520abdac304a69aaad808b5075b2','2025-08-26 15:33:01','2025-08-27 17:09:11',0,NULL,0),('P17562092755748995582494755681056865','patient','Siriporn Charoenporn','siriporn.c@example.com','0919998888',NULL,'scrypt$1$38af47a53e3280869e0f329242a0b94c$b9975eed3839255eca4c9b67df5812ec83a2baac7e42f79b165b33472013cd13400ebb3c4944973fd0f739219de7124762c893367b2980b36d9e09d5e75e5927','2025-08-26 18:54:35','2025-08-27 17:09:11',0,NULL,0),('P17562777548010504928484380018559987','patient','Somsak Saengchai','somsak.s@example.com','0928887777',NULL,'scrypt$1$583b5336d7b76e03d37c5d7afd395f36$68a90dd86f8a1a066dc439780332ec05337f41e3eac002adb70799e881f526985f4d3392b6ff5430776d6956f1d4c81bcc728461e15254a42ca14b2424eae115','2025-08-27 13:55:54','2025-08-27 17:09:11',0,NULL,0),('P17562801254984324603551932679593293','patient','Panuwat Limprasert','panuwat.l@example.com','0937776666',NULL,'scrypt$1$58a970d5d54470ff20c3f54bd5c15d51$bca91547fbfe2c4a4d37459e7515d12790b3142815d048e63ba54a9dfb75b3b8ba7bb754201c4e01fb64ae54c257620fe818a9cccd538b97d700a04609cddddb','2025-08-27 14:35:25','2025-08-27 17:09:11',0,NULL,0),('P17562801507216713766702021713487653','patient','Pattama Juntima','pattama.j@example.com','0946665555',NULL,'scrypt$1$c252191fb682087941544fbd9cfae784$a7727550f13d5f8912182f7098739ceca93f853fcd9e8d84b3f26c414cab9b77a38ffe6cbb5226a2c9690ff40a23f11ee7765fcdb0b0393df33f9c53f4b201b1','2025-08-27 14:35:50','2025-08-27 17:09:11',0,NULL,0),('P17562919306053130826119905999161658','patient','Patiene Methaporn','pedza504@gmail.com','0878987656','/uploads/1756293672170_60885841228011c5b80f7b452bdfcadd.png','scrypt$1$34f35117572665d4ed792060cb22ed78$1923d268dd02766de6cdcc1ea745b0fe581022196047da5fdabf8c0d07e70b3f124403da1843289b2c80d8ca5c9636d60587128e3a605bb4cdd414942254a822','2025-08-27 17:52:10','2025-08-27 18:21:40',0,NULL,0);
/*!40000 ALTER TABLE `users` ENABLE KEYS */;
UNLOCK TABLES;
/*!40103 SET TIME_ZONE=@OLD_TIME_ZONE */;

/*!40101 SET SQL_MODE=@OLD_SQL_MODE */;
/*!40014 SET FOREIGN_KEY_CHECKS=@OLD_FOREIGN_KEY_CHECKS */;
/*!40014 SET UNIQUE_CHECKS=@OLD_UNIQUE_CHECKS */;
/*!40101 SET CHARACTER_SET_CLIENT=@OLD_CHARACTER_SET_CLIENT */;
/*!40101 SET CHARACTER_SET_RESULTS=@OLD_CHARACTER_SET_RESULTS */;
/*!40101 SET COLLATION_CONNECTION=@OLD_COLLATION_CONNECTION */;
/*!40111 SET SQL_NOTES=@OLD_SQL_NOTES */;

-- Dump completed on 2025-08-27 19:31:15
